<bot_botcomponentset>
  <bot_botcomponent botid.schemaname="new_bot_74857a59ab394096913240c4b9eaf032" botcomponentid.schemaname="new_topic_74857a59ab394096913240c4b9eaf032_ba7b967c97ba4c39bca58a8bb6a72d59_conversationstart">
    <iscustomizable>1</iscustomizable>
  </bot_botcomponent>
  <bot_botcomponent botid.schemaname="new_bot_74857a59ab394096913240c4b9eaf032" botcomponentid.schemaname="new_topic_74857a59ab394096913240c4b9eaf032_954135cafcd647eaae5999ad91fc08cf_talktoagent">
    <iscustomizable>1</iscustomizable>
  </bot_botcomponent>
  <bot_botcomponent botcomponentid.schemaname="new_topic_74857a59ab394096913240c4b9eaf032_aeabea4d071f415c8c107e1cb7af5424_assumedsuccess" botid.schemaname="new_bot_74857a59ab394096913240c4b9eaf032">
    <iscustomizable>1</iscustomizable>
  </bot_botcomponent>
  <bot_botcomponent botid.schemaname="new_bot_74857a59ab394096913240c4b9eaf032" botcomponentid.schemaname="new_topic_74857a59ab394096913240c4b9eaf032_db1f76b081dc43389df9dd2df7518737_confirmedsuccess">
    <iscustomizable>1</iscustomizable>
  </bot_botcomponent>
  <bot_botcomponent botcomponentid.schemaname="new_topic_74857a59ab394096913240c4b9eaf032_d2198a5ee41a48a5bf70ab8970145a9f_confirmedfailure" botid.schemaname="new_bot_74857a59ab394096913240c4b9eaf032">
    <iscustomizable>1</iscustomizable>
  </bot_botcomponent>
  <bot_botcomponent botcomponentid.schemaname="new_topic_74857a59ab394096913240c4b9eaf032_f56d1a3e522740c78f9fac0939332dbd_goodbye" botid.schemaname="new_bot_74857a59ab394096913240c4b9eaf032">
    <iscustomizable>1</iscustomizable>
  </bot_botcomponent>
  <bot_botcomponent botcomponentid.schemaname="new_customtype_74857a59ab394096913240c4b9eaf032_92610204747047ac8f788f7eecd91118" botid.schemaname="new_bot_74857a59ab394096913240c4b9eaf032">
    <iscustomizable>1</iscustomizable>
  </bot_botcomponent>
  <bot_botcomponent botcomponentid.schemaname="new_topic_2f4b1177a3284f3483d3a811b1fb30eb" botid.schemaname="new_bot_74857a59ab394096913240c4b9eaf032">
    <iscustomizable>1</iscustomizable>
  </bot_botcomponent>
  <bot_botcomponent botcomponentid.schemaname="new_topic_74857a59ab394096913240c4b9eaf032_8a4964498f83424bb3a86295bf7d0952_startover" botid.schemaname="new_bot_74857a59ab394096913240c4b9eaf032">
    <iscustomizable>1</iscustomizable>
  </bot_botcomponent>
  <bot_botcomponent botcomponentid.schemaname="new_topic_74857a59ab394096913240c4b9eaf032_3d2584ec30914684839527e05e7be172_thankyou" botid.schemaname="new_bot_74857a59ab394096913240c4b9eaf032">
    <iscustomizable>1</iscustomizable>
  </bot_botcomponent>
  <bot_botcomponent botid.schemaname="new_bot_74857a59ab394096913240c4b9eaf032" botcomponentid.schemaname="new_topic_74857a59ab394096913240c4b9eaf032_33d5123770ba4daeafae51b361ddc80a">
    <iscustomizable>1</iscustomizable>
  </bot_botcomponent>
  <bot_botcomponent botcomponentid.schemaname="new_topic_74857a59ab394096913240c4b9eaf032_21a34f1673a24096a99ba0effb63cc1d" botid.schemaname="new_bot_74857a59ab394096913240c4b9eaf032">
    <iscustomizable>1</iscustomizable>
  </bot_botcomponent>
  <bot_botcomponent botid.schemaname="new_bot_74857a59ab394096913240c4b9eaf032" botcomponentid.schemaname="new_topic_74857a59ab394096913240c4b9eaf032_dbafebd526364487911b63a2a774389f">
    <iscustomizable>1</iscustomizable>
  </bot_botcomponent>
  <bot_botcomponent botcomponentid.schemaname="new_topic_74857a59ab394096913240c4b9eaf032_85df75ce08a44a9b82cc8f3fdb25f669" botid.schemaname="new_bot_74857a59ab394096913240c4b9eaf032">
    <iscustomizable>1</iscustomizable>
  </bot_botcomponent>
  <bot_botcomponent botcomponentid.schemaname="new_customtype_74857a59ab394096913240c4b9eaf032_f86fcadfd497444e91ed11c12b059d10" botid.schemaname="new_bot_74857a59ab394096913240c4b9eaf032">
    <iscustomizable>1</iscustomizable>
  </bot_botcomponent>
  <bot_botcomponent botcomponentid.schemaname="new_customtype_8b1a8ba541f2400a87902f40e412c2c2" botid.schemaname="new_bot_74857a59ab394096913240c4b9eaf032">
    <iscustomizable>1</iscustomizable>
  </bot_botcomponent>
</bot_botcomponentset>