{
  "AccessControlPolicy": "Any",
  "AuthenticationMode": "Unspecified",
  "AuthenticationTrigger": "AsNeeded",
  "Intents": [
    {
      "IntentType": "Regular",
      "SystemIntentTypes": [],
      "TriggerQueries": [
        "show me",
        "try again",
        "next",
        "product log",
        "product tasks",
        "search tasks",
        "current tasks",
        "find Task"
      ],
      "DialogId": "new_topic_2f4b1177a3284f3483d3a811b1fb30eb",
      "IsTriggeringEnabled": true,
      "Id": "new_topic_2f4b1177a3284f3483d3a811b1fb30eb",
      "DisplayName": "Product Task Finder",
      "Description": "find tasks",
      "CreatedTime": "2020-11-04T00:09:25.8555747Z",
      "UpdatedTime": "2020-11-04T17:39:22.9114506Z",
      "CreatedUserId": "2064763a-058b-4d7e-afc6-b8167ca36b1a",
      "UpdatedUserId": "2064763a-058b-4d7e-afc6-b8167ca36b1a"
    }
  ],
  "Dialogs": [
    {
      "RootNodeId": "fc42f18b-291d-42dd-948f-c765eed9c05d",
      "DialogType": "Regular",
      "MessageNodes": [
        {
          "BotMessageId": "74f493ab-3a68-4828-bf17-13bab2a8c675",
          "NodeType": "BotMessageNode",
          "Id": "fc42f18b-291d-42dd-948f-c765eed9c05d",
          "DefaultTargetNodeId": "d9e7a034-83fe-4d5e-97a6-cf713a259752"
        },
        {
          "BotMessageId": "4531a803-0912-4a2e-b05e-af0b591e4d75",
          "NodeType": "BotMessageNode",
          "Id": "be9e15c3-7b0f-43d5-a0fa-f8719ac5969d",
          "DefaultTargetNodeId": "5ed33b1f-da6c-456d-97f4-5ef5f6236798"
        },
        {
          "BotMessageId": "47bfdbd9-ee9e-44b8-8a93-db3dac4eb23e",
          "NodeType": "BotMessageNode",
          "Id": "7ec2d5c1-991b-4b86-bc15-cb2aff60d498",
          "DefaultTargetNodeId": "41cad62a-2329-4fec-8a3d-cd7d723bd1ae"
        },
        {
          "BotMessageId": "2e0f93df-63ba-47fa-9d0a-2be44f403099",
          "NodeType": "BotMessageNode",
          "Id": "33ceeaef-5e2f-497e-bec5-9560622df521",
          "DefaultTargetNodeId": "504586b9-97ba-401d-8409-75909e4b00e4"
        },
        {
          "BotMessageId": "96532239-6a5c-4f61-9eca-2cea38f9bbb0",
          "NodeType": "BotMessageNode",
          "Id": "504586b9-97ba-401d-8409-75909e4b00e4"
        },
        {
          "BotMessageId": "87afadf6-e09d-4c88-93c0-8e330a599a43",
          "NodeType": "BotMessageNode",
          "Id": "20e1cba3-455e-4e54-bae4-3c8c37f758e0",
          "DefaultTargetNodeId": "15037485-08ca-4bca-8c30-f6e24345313d"
        },
        {
          "BotMessageId": "09b0bf62-31c3-4836-b147-e1f761832436",
          "NodeType": "BotMessageNode",
          "Id": "87b1eb9c-2942-4bd4-a599-8935abd13338"
        },
        {
          "BotMessageId": "c85224dc-4ad8-4697-8d0b-8acf402c87c3",
          "NodeType": "BotMessageNode",
          "Id": "41cad62a-2329-4fec-8a3d-cd7d723bd1ae",
          "DefaultTargetNodeId": "88c623f3-172e-455c-9b06-76f7a52c8065"
        },
        {
          "BotMessageId": "982ac4be-6415-40b5-a9fe-b0711c2e8602",
          "NodeType": "BotMessageNode",
          "Id": "15037485-08ca-4bca-8c30-f6e24345313d"
        }
      ],
      "ActionNodes": [
        {
          "InputParameterVariableIdMap": {
            "text": "{52d3f17c-68cb-4eba-9e03-c943b5f7c7ce}"
          },
          "OutputExpressionVariableIds": [
            "a9c4ff54-6d25-4ef2-9e61-4bedb92ef652"
          ],
          "ContextVariableId": "e5e6c959-14e0-4046-9430-d04968038dbf",
          "NodeType": "ActionNode",
          "Id": "5ed33b1f-da6c-456d-97f4-5ef5f6236798",
          "Routes": [
            {
              "Expression": "@or(equals(parameters('a9c4ff54-6d25-4ef2-9e61-4bedb92ef652'), ''), equals(parameters('a9c4ff54-6d25-4ef2-9e61-4bedb92ef652'), null))",
              "TargetNodeId": "33ceeaef-5e2f-497e-bec5-9560622df521"
            }
          ],
          "DefaultTargetNodeId": "7ec2d5c1-991b-4b86-bc15-cb2aff60d498"
        }
      ],
      "QuestionNodes": [
        {
          "ContextVariableId": "52d3f17c-68cb-4eba-9e03-c943b5f7c7ce",
          "NodeType": "QuestionNode",
          "Id": "d9e7a034-83fe-4d5e-97a6-cf713a259752",
          "DefaultTargetNodeId": "be9e15c3-7b0f-43d5-a0fa-f8719ac5969d"
        },
        {
          "ContextVariableId": "b1a92996-2dde-410b-80c5-c77e65f40cae",
          "NodeType": "QuestionNode",
          "Id": "88c623f3-172e-455c-9b06-76f7a52c8065",
          "Routes": [
            {
              "Expression": "@or(equals(parameters('b1a92996-2dde-410b-80c5-c77e65f40cae'), ''), equals(parameters('b1a92996-2dde-410b-80c5-c77e65f40cae'), null))",
              "TargetNodeId": "87b1eb9c-2942-4bd4-a599-8935abd13338"
            }
          ],
          "DefaultTargetNodeId": "20e1cba3-455e-4e54-bae4-3c8c37f758e0"
        }
      ],
      "Id": "new_topic_2f4b1177a3284f3483d3a811b1fb30eb",
      "DisplayName": "Dialog for Task Finder",
      "CreatedTime": "2020-11-04T00:09:25.8555747+00:00",
      "UpdatedTime": "2020-11-04T17:35:14.0427129Z",
      "CreatedUserId": "2064763a-058b-4d7e-afc6-b8167ca36b1a",
      "UpdatedUserId": "2064763a-058b-4d7e-afc6-b8167ca36b1a"
    }
  ],
  "BotMessages": [
    {
      "ChannelContent": {
        "web": {
          "ContentFormat": "Markdown",
          "Content": "Hi. Let's take a look at our product backlog."
        }
      },
      "Id": "74f493ab-3a68-4828-bf17-13bab2a8c675",
      "CreatedTime": "2020-11-04T00:09:25.8555747+00:00",
      "UpdatedTime": "2020-11-04T00:09:25.8555747+00:00",
      "CreatedUserId": "2064763a-058b-4d7e-afc6-b8167ca36b1a",
      "UpdatedUserId": "2064763a-058b-4d7e-afc6-b8167ca36b1a"
    },
    {
      "ChannelContent": {
        "web": {
          "ContentFormat": "Markdown",
          "Content": "Got it! Let me search for tasks related to {52d3f17c-68cb-4eba-9e03-c943b5f7c7ce}"
        }
      },
      "Id": "4531a803-0912-4a2e-b05e-af0b591e4d75",
      "CreatedTime": "2020-11-04T00:22:18.233Z",
      "UpdatedTime": "2020-11-04T00:22:18.233Z",
      "CreatedUserId": "user-0",
      "UpdatedUserId": "user-0"
    },
    {
      "ChannelContent": {
        "web": {
          "ContentFormat": "Markdown",
          "Content": "Tell me which area of the product backlog you want to look for?"
        }
      },
      "Id": "b331ff6e-e32b-4497-9a08-6b0043190712",
      "CreatedTime": "2020-11-04T00:21:08.83Z",
      "UpdatedTime": "2020-11-04T00:21:08.83Z",
      "CreatedUserId": "user-0",
      "UpdatedUserId": "user-0"
    },
    {
      "ChannelContent": {
        "web": {
          "ContentFormat": "Markdown",
          "Content": "I found the following items: {a9c4ff54-6d25-4ef2-9e61-4bedb92ef652}"
        }
      },
      "Id": "47bfdbd9-ee9e-44b8-8a93-db3dac4eb23e",
      "CreatedTime": "2020-11-04T01:02:27.138Z",
      "UpdatedTime": "2020-11-04T01:02:27.138Z",
      "CreatedUserId": "user-0",
      "UpdatedUserId": "user-0"
    },
    {
      "ChannelContent": {
        "web": {
          "ContentFormat": "Markdown",
          "Content": "No tasks were found associated to {52d3f17c-68cb-4eba-9e03-c943b5f7c7ce}"
        }
      },
      "Id": "2e0f93df-63ba-47fa-9d0a-2be44f403099",
      "CreatedTime": "2020-11-04T03:17:18.167Z",
      "UpdatedTime": "2020-11-04T03:17:18.167Z",
      "CreatedUserId": "user-0",
      "UpdatedUserId": "user-0"
    },
    {
      "ChannelContent": {
        "web": {
          "ContentFormat": "Markdown",
          "Content": "Say or type \"Next\" to search for another area"
        }
      },
      "Id": "96532239-6a5c-4f61-9eca-2cea38f9bbb0",
      "CreatedTime": "2020-11-04T17:21:00.665Z",
      "UpdatedTime": "2020-11-04T17:21:00.665Z",
      "CreatedUserId": "user-0",
      "UpdatedUserId": "user-0"
    },
    {
      "ChannelContent": {
        "web": {
          "ContentFormat": "Markdown",
          "Content": "Not so fast!  As part of the bootcamp, you need to complete this action."
        }
      },
      "Id": "87afadf6-e09d-4c88-93c0-8e330a599a43",
      "CreatedTime": "2020-11-04T17:31:24.53Z",
      "UpdatedTime": "2020-11-04T17:31:24.53Z",
      "CreatedUserId": "user-0",
      "UpdatedUserId": "user-0"
    },
    {
      "ChannelContent": {
        "web": {
          "ContentFormat": "Markdown",
          "Content": "OK, you can type or say \"Next\" to try another area."
        }
      },
      "Id": "09b0bf62-31c3-4836-b147-e1f761832436",
      "CreatedTime": "2020-11-04T17:32:30.619Z",
      "UpdatedTime": "2020-11-04T17:32:30.619Z",
      "CreatedUserId": "user-0",
      "UpdatedUserId": "user-0"
    },
    {
      "ChannelContent": {
        "web": {
          "ContentFormat": "Markdown",
          "Content": "Which task do you want to edit? Enter the task ID."
        }
      },
      "Id": "cf31a090-a766-4afb-8231-d5eab73a6262",
      "CreatedTime": "2020-11-04T17:23:18.53Z",
      "UpdatedTime": "2020-11-04T17:23:18.53Z",
      "CreatedUserId": "user-0",
      "UpdatedUserId": "user-0"
    },
    {
      "ChannelContent": {
        "web": {
          "ContentFormat": "Markdown",
          "Content": "Notice the ID and title information for each result"
        }
      },
      "Id": "c85224dc-4ad8-4697-8d0b-8acf402c87c3",
      "CreatedTime": "2020-11-04T17:34:17.2Z",
      "UpdatedTime": "2020-11-04T17:34:17.2Z",
      "CreatedUserId": "user-0",
      "UpdatedUserId": "user-0"
    },
    {
      "ChannelContent": {
        "web": {
          "ContentFormat": "Markdown",
          "Content": "OK, you can type or say \"Next\" to try another area."
        }
      },
      "Id": "982ac4be-6415-40b5-a9fe-b0711c2e8602",
      "CreatedTime": "2020-11-04T17:34:59Z",
      "UpdatedTime": "2020-11-04T17:34:59Z",
      "CreatedUserId": "user-0",
      "UpdatedUserId": "user-0"
    }
  ],
  "ActionDefinitions": [
    {
      "TimeoutInSeconds": 60,
      "RetryCount": 1,
      "Method": 2,
      "Headers": {
        "accept": "application/json"
      },
      "BodyContent": "{\"text\":\"{52d3f17c-68cb-4eba-9e03-c943b5f7c7ce}\"}",
      "ActionType": "Flow",
      "FlowMetadata": {
        "Id": "87e2368f-341e-eb11-a813-00224802afbf",
        "Title": "botFindTasks",
        "Description": "Call this flow from Power Virtual Agents.",
        "HttpMethod": 2,
        "InputParameters": [
          {
            "Name": "area",
            "Id": "text",
            "Type": "String",
            "Optional": false
          }
        ],
        "OutputParameters": [
          {
            "Name": "result",
            "Id": "result",
            "Type": "String",
            "Optional": true
          }
        ],
        "OutputSchemaType": "Json",
        "CreatedTime": "2020-11-04T00:27:55Z",
        "IsEnabled": true,
        "LastModifiedTime": "2020-11-04T03:07:00Z"
      },
      "Id": "2a0ae295-9a40-446b-9ff6-7e153827786f",
      "DisplayName": "botFindTasks",
      "Description": "Call this flow from Power Virtual Agents.",
      "CreatedTime": "2020-11-04T03:07:53.3Z",
      "UpdatedTime": "2020-11-04T03:07:53.3Z"
    }
  ],
  "ContextVariables": [
    {
      "ContextVariableType": "Regular",
      "SystemVariableTypes": [],
      "SystemType": "Custom",
      "CustomTypeId": "new_customtype_8b1a8ba541f2400a87902f40e412c2c2",
      "InitializerType": "UserQuestion",
      "Scope": "Dialog",
      "GreedySlotFillingEnabled": true,
      "IsInput": false,
      "ExternalInitializationAllowed": false,
      "NamedEntityOptions": [
        "19e33533-bd87-4249-91f6-2fa96b29c23b",
        "c5f23f9c-3832-4c29-9613-ce007c2df454",
        "10cfbf1b-4f68-44f5-bd68-b84aeff1ac41",
        "63d2b509-872f-4f30-95b9-9b50b92acd27"
      ],
      "Messages": {
        "GetValue": [
          "b331ff6e-e32b-4497-9a08-6b0043190712"
        ]
      },
      "IsGlobal": false,
      "IsUnavailable": false,
      "Id": "52d3f17c-68cb-4eba-9e03-c943b5f7c7ce",
      "DisplayName": "area",
      "CreatedTime": "2020-11-04T00:21:08.83Z",
      "UpdatedTime": "2020-11-04T00:21:08.83Z",
      "CreatedUserId": "user-0",
      "UpdatedUserId": "user-0"
    },
    {
      "ContextVariableType": "Regular",
      "SystemVariableTypes": [],
      "SystemType": "Custom",
      "CustomTypeId": "bf0668ab-ba78-4362-b270-30fb8ae596ed",
      "InitializerType": "Action",
      "Scope": "Dialog",
      "GreedySlotFillingEnabled": false,
      "IsInput": false,
      "ExternalInitializationAllowed": false,
      "Messages": {},
      "ActionId": "2a0ae295-9a40-446b-9ff6-7e153827786f",
      "IsGlobal": false,
      "IsUnavailable": false,
      "Id": "e5e6c959-14e0-4046-9430-d04968038dbf",
      "DisplayName": "",
      "CreatedTime": "2020-11-04T03:07:53.3Z",
      "UpdatedTime": "2020-11-04T03:07:53.3Z",
      "CreatedUserId": "user-0",
      "UpdatedUserId": "user-0"
    },
    {
      "ContextVariableType": "Regular",
      "SystemVariableTypes": [],
      "SystemType": "String",
      "InitializerType": "Expression",
      "Scope": "Dialog",
      "GreedySlotFillingEnabled": false,
      "IsInput": false,
      "ExternalInitializationAllowed": false,
      "Messages": {},
      "Expression": "@parameters('e5e6c959-14e0-4046-9430-d04968038dbf')['result']",
      "IsGlobal": false,
      "IsUnavailable": false,
      "Id": "a9c4ff54-6d25-4ef2-9e61-4bedb92ef652",
      "DisplayName": "result",
      "CreatedTime": "2020-11-04T03:07:53.301Z",
      "UpdatedTime": "2020-11-04T03:07:53.301Z",
      "CreatedUserId": "user-0",
      "UpdatedUserId": "user-0"
    },
    {
      "ContextVariableType": "Regular",
      "SystemVariableTypes": [],
      "SystemType": "None",
      "InitializerType": "UserQuestion",
      "Scope": "Dialog",
      "GreedySlotFillingEnabled": true,
      "IsInput": false,
      "ExternalInitializationAllowed": false,
      "Messages": {
        "GetValue": [
          "cf31a090-a766-4afb-8231-d5eab73a6262"
        ]
      },
      "IsGlobal": false,
      "IsUnavailable": false,
      "Id": "b1a92996-2dde-410b-80c5-c77e65f40cae",
      "DisplayName": "taskid",
      "CreatedTime": "2020-11-04T17:23:18.53Z",
      "UpdatedTime": "2020-11-04T17:23:18.53Z",
      "CreatedUserId": "user-0",
      "UpdatedUserId": "user-0"
    }
  ],
  "JsonTypes": [
    {
      "CustomTypeSchema": "Json",
      "Id": "bf0668ab-ba78-4362-b270-30fb8ae596ed",
      "DisplayName": "Response Json Type for Flow - botFindTasks",
      "CreatedTime": "2020-11-04T03:07:53.3Z",
      "UpdatedTime": "2020-11-04T03:07:53.3Z"
    }
  ],
  "SystemIntentIds": {},
  "SystemVariableIds": {},
  "SystemNamedEntityIds": {},
  "Configuration": {}
}