{"properties":{"connectionReferences":{"shared_sharepointonline":{"runtimeSource":"embedded","connection":{},"api":{"name":"shared_sharepointonline"}}},"definition":{"$schema":"https://schema.management.azure.com/providers/Microsoft.Logic/schemas/2016-06-01/workflowdefinition.json#","contentVersion":"1.0.0.0","parameters":{"$connections":{"defaultValue":{},"type":"Object"},"$authentication":{"defaultValue":{},"type":"SecureObject"}},"triggers":{"manual":{"type":"Request","kind":"VirtualAgent","inputs":{"schema":{"type":"object","properties":{"text":{"title":"area","type":"string","x-ms-dynamically-added":true,"description":"Please enter the area name","x-ms-content-hint":"TEXT"}},"required":["text"]}}}},"actions":{"Return_value(s)_to_Power_Virtual_Agents":{"runAfter":{"Apply_to_each":["Succeeded"]},"type":"Response","kind":"VirtualAgent","inputs":{"statusCode":200,"body":{"result":"@variables('result')"},"schema":{"type":"object","properties":{"result":{"title":"result","x-ms-dynamically-added":true,"type":"string"}}}}},"Get_items":{"runAfter":{"Initialize_result":["Succeeded"]},"type":"OpenApiConnection","inputs":{"host":{"apiId":"/providers/Microsoft.PowerApps/apis/shared_sharepointonline","connectionName":"shared_sharepointonline","operationId":"GetItems"},"parameters":{"dataset":"https://ozkarydevops.sharepoint.com/sites/dev/","table":"3c203256-50e9-4a2a-bc48-9e323d24c073","$filter":"Area eq '@{variables('area')}'","$top":10,"view":"a2dec062-7f8e-4a9b-abb9-b8e6b0ba3460"},"authentication":"@parameters('$authentication')"}},"Initialize_result":{"runAfter":{"Initialize_area":["Succeeded"]},"type":"InitializeVariable","inputs":{"variables":[{"name":"result","type":"string"}]}},"Initialize_area":{"runAfter":{},"type":"InitializeVariable","inputs":{"variables":[{"name":"area","type":"string","value":"@triggerBody()['text']"}]}},"Apply_to_each":{"foreach":"@outputs('Get_items')?['body/value']","actions":{"Append_to_string_variable":{"runAfter":{},"type":"AppendToStringVariable","inputs":{"name":"result","value":"@concat(items('Apply_to_each').ID,':',items('Apply_to_each').Title, ' ')"}}},"runAfter":{"Get_items":["Succeeded"]},"type":"Foreach"}},"outputs":{}}},"schemaVersion":"1.0.0.0"}