{
  "AccessControlPolicy": "Any",
  "AuthenticationMode": "Unspecified",
  "AuthenticationTrigger": "AsNeeded",
  "NamedEntities": [
    {
      "NamedEntityType": "Regular",
      "SystemNamedEntityTypes": [],
      "Synonyms": [
        "topology",
        "system"
      ],
      "Id": "19e33533-bd87-4249-91f6-2fa96b29c23b",
      "DisplayName": "Architecture",
      "CreatedTime": "2020-11-04T00:18:55.8028595Z",
      "UpdatedTime": "2020-11-04T03:29:03.0375903Z",
      "CreatedUserId": "2064763a-058b-4d7e-afc6-b8167ca36b1a",
      "UpdatedUserId": "2064763a-058b-4d7e-afc6-b8167ca36b1a"
    },
    {
      "NamedEntityType": "Regular",
      "SystemNamedEntityTypes": [],
      "Synonyms": [
        "container",
        "theme",
        "images",
        "layout"
      ],
      "Id": "c5f23f9c-3832-4c29-9613-ce007c2df454",
      "DisplayName": "Design",
      "CreatedTime": "2020-11-04T00:18:55.8028595Z",
      "UpdatedTime": "2020-11-04T03:29:03.0375903Z",
      "CreatedUserId": "2064763a-058b-4d7e-afc6-b8167ca36b1a",
      "UpdatedUserId": "2064763a-058b-4d7e-afc6-b8167ca36b1a"
    },
    {
      "NamedEntityType": "Regular",
      "SystemNamedEntityTypes": [],
      "Synonyms": [
        "web",
        "app",
        "frontend",
        "ui"
      ],
      "Id": "10cfbf1b-4f68-44f5-bd68-b84aeff1ac41",
      "DisplayName": "Front-end",
      "CreatedTime": "2020-11-04T00:18:55.8028595Z",
      "UpdatedTime": "2020-11-04T03:29:03.0375903Z",
      "CreatedUserId": "2064763a-058b-4d7e-afc6-b8167ca36b1a",
      "UpdatedUserId": "2064763a-058b-4d7e-afc6-b8167ca36b1a"
    },
    {
      "NamedEntityType": "Regular",
      "SystemNamedEntityTypes": [],
      "Id": "63d2b509-872f-4f30-95b9-9b50b92acd27",
      "DisplayName": "Quality",
      "CreatedTime": "2020-11-04T03:29:03.0375903Z",
      "UpdatedTime": "2020-11-04T03:29:03.0375903Z",
      "CreatedUserId": "2064763a-058b-4d7e-afc6-b8167ca36b1a",
      "UpdatedUserId": "2064763a-058b-4d7e-afc6-b8167ca36b1a"
    }
  ],
  "ClosedListTypes": [
    {
      "NamedEntities": [
        "19e33533-bd87-4249-91f6-2fa96b29c23b",
        "c5f23f9c-3832-4c29-9613-ce007c2df454",
        "10cfbf1b-4f68-44f5-bd68-b84aeff1ac41",
        "63d2b509-872f-4f30-95b9-9b50b92acd27"
      ],
      "SmartMatchingEnabled": true,
      "CustomTypeSchema": "ClosedList",
      "Id": "new_customtype_8b1a8ba541f2400a87902f40e412c2c2",
      "DisplayName": "Area",
      "Description": "task areas",
      "CreatedTime": "2020-11-04T00:18:55.8028595Z",
      "UpdatedTime": "2020-11-04T03:29:03.0375903Z",
      "CreatedUserId": "2064763a-058b-4d7e-afc6-b8167ca36b1a",
      "UpdatedUserId": "2064763a-058b-4d7e-afc6-b8167ca36b1a"
    }
  ],
  "SystemIntentIds": {},
  "SystemVariableIds": {},
  "SystemNamedEntityIds": {},
  "Configuration": {}
}