{
  "AccessControlPolicy": "Any",
  "AuthenticationMode": "Unspecified",
  "AuthenticationTrigger": "AsNeeded",
  "RegexTypes": [
    {
      "RegExPattern": "\\b[1-5]\\b",
      "CustomTypeSchema": "RegexPattern",
      "Id": "new_customtype_74857a59ab394096913240c4b9eaf032_92610204747047ac8f788f7eecd91118",
      "DisplayName": "CSAT Rating",
      "CreatedTime": "2019-01-15T00:00:00",
      "UpdatedTime": "2019-01-15T00:00:00",
      "CreatedUserId": "user0",
      "UpdatedUserId": "user0"
    }
  ],
  "SystemIntentIds": {},
  "SystemVariableIds": {},
  "SystemNamedEntityIds": {},
  "Configuration": {}
}