{"schemaVersion":"1.0","appDefinitionTemplate":{"id":"/providers/Microsoft.PowerApps/apps/","type":"Microsoft.PowerApps/apps","tags":{"sp-site-id":"https://ozkarydevops.sharepoint.com/sites/dev","sp-list-id":"3c203256-50e9-4a2a-bc48-9e323d24c073","https://ozkarydevops.sharepoint.com/sites/dev":"3c203256-50e9-4a2a-bc48-9e323d24c073","primaryDeviceWidth":"640","primaryDeviceHeight":"1136","sienaVersion":"20201105T220853Z-3.20102.16.0","deviceCapabilities":"","supportsPortrait":"true","supportsLandscape":"false","primaryFormFactor":"Phone","publisherVersion":"3.20102.16","minimumRequiredApiVersion":"2.2.0","hasComponent":"true","hasUnlockedComponent":"true","isUnifiedRootApp":"false"},"properties":{"appVersion":"2020-11-05T22:08:53Z","lifeCycleId":"Published","createdByClientVersion":{"major":3,"minor":20102,"build":16,"revision":0,"majorRevision":0,"minorRevision":0},"minClientVersion":{"major":3,"minor":20102,"build":16,"revision":0,"majorRevision":0,"minorRevision":0},"backgroundColor":"rgba(0, 176, 240, 1)","backgroundImageUri":"/14199999509562195498/N143d41ac-57e9-43bd-a344-9f984e67ebe2-logoSmallFile","displayName":"Test Todo","description":"Product Tasks","commitMessage":"","appUris":{"documentUri":{"value":"/14199999509562195498/Ndbc1d607-1ee2-4c95-87cb-1476842b7806-document.msapp","readonlyValue":"/14199999509562195498/Ndbc1d607-1ee2-4c95-87cb-1476842b7806-document.msapp"},"imageUris":[]},"createdTime":"0001-01-01T00:00:00Z","lastModifiedTime":"0001-01-01T00:00:00Z","sharedGroupsCount":0,"sharedUsersCount":0,"icons":{"smallIconUri":"/14199999509562195498/N3810b692-7a35-4c00-a320-57db5f502ef8-small.png","mediumIconUri":"/14199999509562195498/N12bbe68f-61ff-4912-ba4a-793ac2df3b66-medium.png","largeIconUri":"/14199999509562195498/Naceb4075-0510-4177-aef1-23728e78b631-large.png","wideIconUri":"/14199999509562195498/N02c4a010-be67-49f1-b575-efbe0c9447a1-wide.png"},"connectionReferences":{"afc58c4c-bbc3-4aab-80be-955d6807abdc":{"id":"02720902-167f-4631-a3a4-85ab28c1e543","displayName":"SharePoint","iconUri":"https://connectoricons-prod.azureedge.net/releases/v1.0.1402/1.0.1402.2163/sharepointonline/icon.png","dataSources":["Test"],"dependencies":[],"dependents":[],"parameterHints":{},"isOnPremiseConnection":false,"bypassConsent":false,"dataSets":{"https://ozkarydevops.sharepoint.com/sites/dev":{"dataSources":{"Test":{"tableName":"3c203256-50e9-4a2a-bc48-9e323d24c073"}}}},"apiTier":"Standard","isCustomApiConnection":false},"18de8258-5ce0-4ef7-ac47-35e399daa9cd":{"id":"41cf1939-7500-43c9-8d76-e32a047e3fd6","displayName":"Office 365 Outlook","iconUri":"https://connectoricons-prod.azureedge.net/releases/v1.0.1408/1.0.1408.2187/office365/icon.png","dataSources":["Office365Outlook"],"dependencies":[],"dependents":[],"parameterHints":{},"isOnPremiseConnection":false,"bypassConsent":false,"dataSets":{},"apiTier":"Standard","isCustomApiConnection":false},"e45e754a-d6e9-4431-a59e-c17e28b90681":{"id":"c7f1e877-e84f-4670-92d9-b53e427be2a9","displayName":"Office 365 Users","iconUri":"https://connectoricons-prod.azureedge.net/releases/v1.0.1402/1.0.1402.2163/office365users/icon.png","dataSources":["Office365Users"],"dependencies":[],"dependents":[],"parameterHints":{},"isOnPremiseConnection":false,"bypassConsent":false,"dataSets":{},"apiTier":"Standard","isCustomApiConnection":false}},"authorizationReferences":[{"resourceId":"powerbi"}],"databaseReferences":{},"almMode":"Environment","performanceOptimizationEnabled":true,"canConsumeAppPass":true,"executionRestrictions":{"isTeamsOnly":false,"dataLossPreventionEvaluationResult":{"status":"Compliant","lastEvaluationDate":"2020-10-29T19:37:44.7494824Z","violationDetails":[]}}},"isAppComponentLibrary":false,"appType":"ClassicCanvasApp","appComponents":[]}}